symbol,location,latitude,longitude,in_both
MMM,"St. Paul, Minnesota",44.9537029,-93.0899578,TRUE
ABT,"North Chicago, Illinois",42.325578,-87.8411818,TRUE
ABBV,"North Chicago, Illinois",42.325578,-87.8411818,TRUE
ABMD,"Danvers, Massachusetts",42.5750009,-70.932122,FALSE
ACN,"Dublin, Ireland",53.3498053,-6.2603097,TRUE
ATVI,"Santa Monica, California",34.0194543,-118.4911912,TRUE
ADBE,"San Jose, California",37.3382082,-121.8863286,TRUE
AMD,"Sunnyvale, California",37.36883,-122.0363496,TRUE
AAP,"Raleigh, North Carolina",35.7795897,-78.6381787,TRUE
AES,"Arlington, Virginia",38.8816208,-77.0909809,TRUE
AMG,"West Palm Beach, Florida",26.7153424,-80.0533746,TRUE
AFL,"Columbus, Georgia",32.4609764,-84.9877094,TRUE
A,"Santa Clara, California",37.3541079,-121.9552356,TRUE
APD,"Allentown, Pennsylvania",40.6022939,-75.4714098,TRUE
AKAM,"Cambridge, Massachusetts",42.3736158,-71.1097335,TRUE
ALK,"Seattle, Washington",47.6062095,-122.3320708,TRUE
ALB,"Charlotte, North Carolina",35.2270869,-80.8431267,TRUE
ARE,"Pasadena, California",34.1477849,-118.1445155,TRUE
ALXN,"Boston, Massachusetts",42.3600825,-71.0588801,TRUE
ALGN,"San Jose, California",37.3382082,-121.8863286,TRUE
ALLE,"Dublin, Ireland",53.3498053,-6.2603097,TRUE
AGN,"Dublin, Ireland",53.3498053,-6.2603097,TRUE
ADS,"Plano, Texas",33.0198431,-96.6988856,TRUE
LNT,"Madison, Wisconsin",43.0730517,-89.4012302,TRUE
ALL,"Northfield Township, Illinois",42.1056266,-87.8293789,TRUE
GOOGL,"Mountain View, California",37.3860517,-122.0838511,TRUE
GOOG,"Mountain View, California",37.3860517,-122.0838511,TRUE
MO,"Richmond, Virginia",37.5407246,-77.4360481,TRUE
AMZN,"Seattle, Washington",47.6062095,-122.3320708,TRUE
AEE,"St. Louis, Missouri",38.6270025,-90.1994042,TRUE
AAL,"Fort Worth, Texas",32.7554883,-97.3307658,TRUE
AEP,"Columbus, Ohio",39.9611755,-82.9987942,TRUE
AXP,"New York, New York",36.1023715,-115.1745559,TRUE
AIG,"New York, New York",36.1023715,-115.1745559,TRUE
AMT,"Boston, Massachusetts",42.3600825,-71.0588801,TRUE
AWK,"Voorhees, New Jersey",39.8519447,-74.961517,TRUE
AMP,"Minneapolis, Minnesota",44.977753,-93.2650108,TRUE
ABC,"Chesterbrook, Pennsylvania",40.0756627,-75.4590816,TRUE
AME,"Berwyn, Pennsylvania",40.045824,-75.4395931,TRUE
AMGN,"Thousand Oaks, California",34.1705609,-118.8375937,TRUE
APH,"Wallingford, Connecticut",41.4570108,-72.8230736,TRUE
APC,"The Woodlands, Texas",30.1658207,-95.4612625,TRUE
ADI,"Norwood, Massachusetts",42.1943909,-71.1989695,TRUE
ANSS,"Canonsburg, Pennsylvania",40.2625702,-80.1872797,TRUE
ANTM,"Indianapolis, Indiana",39.768403,-86.158068,TRUE
AON,"London, United Kingdom",51.5073509,-0.1277583,TRUE
AOS,"Milwaukee, Wisconsin",43.0389025,-87.9064736,TRUE
APA,"Houston, Texas",29.7604267,-95.3698028,TRUE
AIV,"Denver, Colorado",39.7392358,-104.990251,TRUE
AAPL,"Cupertino, California",37.3229978,-122.0321823,TRUE
AMAT,"Santa Clara, California",37.3541079,-121.9552356,TRUE
APTV,"Gillingham, Kent, United Kingdom",51.386322,0.551438,TRUE
ADM,"Chicago, Illinois",41.8781136,-87.6297982,TRUE
ARNC,"New York, New York",36.1023715,-115.1745559,TRUE
ANET,"Santa Clara, California",37.3541079,-121.9552356,FALSE
AJG,"Itasca, Illinois",41.9750287,-88.0072909,TRUE
AIZ,"New York, New York",36.1023715,-115.1745559,TRUE
ATO,"Dallas, Texas",32.7766642,-96.7969879,FALSE
T,"Dallas, Texas",32.7766642,-96.7969879,TRUE
ADSK,"San Rafael, California",37.9735346,-122.5310874,TRUE
ADP,"Roseland, New Jersey",40.8206555,-74.2937594,TRUE
AZO,"Memphis, Tennessee",35.1495343,-90.0489801,TRUE
AVB,"Arlington, Virginia[3]",38.8873485,-77.0937343,TRUE
AVY,"Glendale, California",34.1425078,-118.255075,TRUE
BHGE,"Houston, Texas",29.7604267,-95.3698028,TRUE
BLL,"Broomfield, Colorado",39.9205411,-105.0866504,TRUE
BAC,"Charlotte, North Carolina",35.2270869,-80.8431267,TRUE
BK,"New York, New York",36.1023715,-115.1745559,TRUE
BAX,"Deerfield, Illinois",42.1711365,-87.8445119,TRUE
BBT,"Winston-Salem, North Carolina",36.0998596,-80.244216,TRUE
BDX,"Franklin Lakes, New Jersey",41.0167639,-74.2057011,TRUE
BRK.B,"Omaha, Nebraska",41.2565369,-95.9345034,TRUE
BBY,"Richfield, Minnesota",44.8832982,-93.2830021,TRUE
BIIB,"Weston, Massachusetts",42.3667625,-71.3031132,TRUE
BLK,"New York, New York",36.1023715,-115.1745559,TRUE
HRB,"Kansas City, Missouri",39.0997265,-94.5785667,TRUE
BA,"Chicago, Illinois",41.8781136,-87.6297982,TRUE
BKNG,"Norwalk, Connecticut",41.117744,-73.4081575,TRUE
BWA,"Auburn Hills, Michigan",42.6875323,-83.2341028,TRUE
BXP,"Boston, Massachusetts",42.3600825,-71.0588801,TRUE
BSX,"Marlborough, Massachusetts[4]",42.3466321,-71.5478167,TRUE
BMY,"New York, New York",36.1023715,-115.1745559,TRUE
AVGO,"San Jose, California",37.3382082,-121.8863286,TRUE
BR,"Lake Success, New York",40.7698453,-73.7090428,FALSE
BF.B,"Louisville, Kentucky",38.2526647,-85.7584557,TRUE
CHRW,"Eden Prairie, Minnesota",44.8546856,-93.470786,TRUE
COG,"Houston, Texas",29.7604267,-95.3698028,TRUE
CDNS,"San Jose, California",37.3382082,-121.8863286,TRUE
CPB,"Camden, New Jersey",39.9259463,-75.1196199,TRUE
COF,"Tysons Corner, Virginia",38.9187222,-77.2310925,TRUE
CPRI,"New York, New York",36.1023715,-115.1745559,FALSE
CAH,"Dublin, Ohio",40.0992294,-83.1140771,TRUE
KMX,"Richmond, Virginia",37.5407246,-77.4360481,TRUE
CCL,"Miami, Florida",25.7616798,-80.1917902,TRUE
CAT,"Peoria, Illinois",40.6936488,-89.5889864,TRUE
CBOE,"Chicago, Illinois",41.8781136,-87.6297982,TRUE
CBRE,"Los Angeles, California",34.0522342,-118.2436849,TRUE
CBS,"New York, New York",36.1023715,-115.1745559,TRUE
CE,"Irving, Texas",32.8140177,-96.9488945,FALSE
CELG,"Summit, New Jersey",40.7146376,-74.3646122,TRUE
CNC,"St Louis, Missouri",38.6270025,-90.1994042,TRUE
CNP,"Houston, Texas",29.7604267,-95.3698028,TRUE
CTL,"Monroe, Louisiana",32.5093109,-92.1193012,TRUE
CERN,"North Kansas City, Missouri",39.1429081,-94.5729781,TRUE
CF,"Deerfield, Illinois",42.1711365,-87.8445119,TRUE
SCHW,"San Francisco, California",37.7749295,-122.4194155,TRUE
CHTR,"Stamford, Connecticut",41.0534302,-73.5387341,TRUE
CVX,"San Ramon, California",37.7799273,-121.9780153,TRUE
CMG,"Newport Beach, California",33.6188829,-117.9298493,TRUE
CB,"Zurich, Switzerland",47.3768866,8.541694,TRUE
CHD,"Ewing, New Jersey",40.2599864,-74.7909125,TRUE
CI,"Bloomfield, Connecticut",41.826488,-72.7300945,TRUE
XEC,"Denver, Colorado",39.7392358,-104.990251,TRUE
CINF,"Fairfield, Ohio",39.3454673,-84.5603187,TRUE
CTAS,"Mason, Ohio",39.3600586,-84.309939,TRUE
CSCO,"San Jose, California",37.3382082,-121.8863286,TRUE
C,"New York, New York",36.1023715,-115.1745559,TRUE
CFG,"Providence, Rhode Island",41.8239891,-71.4128343,TRUE
CTXS,"Fort Lauderdale, Florida",26.1224386,-80.1373174,TRUE
CLX,"Oakland, California",37.8043637,-122.2711137,TRUE
CME,"Chicago, Illinois",41.8781136,-87.6297982,TRUE
CMS,"Jackson, Michigan",42.245869,-84.4013462,TRUE
KO,"Atlanta, Georgia",33.7489954,-84.3879824,TRUE
CTSH,"Teaneck, New Jersey",40.8932469,-74.0116536,TRUE
CL,"New York, New York",36.1023715,-115.1745559,TRUE
CMCSA,"Philadelphia, Pennsylvania",39.9525839,-75.1652215,TRUE
CMA,"Dallas, Texas",32.7766642,-96.7969879,TRUE
CAG,"Chicago, Illinois",41.8781136,-87.6297982,TRUE
CXO,"Midland, Texas",31.9973456,-102.0779146,TRUE
COP,"Houston, Texas",29.7604267,-95.3698028,TRUE
ED,"New York, New York",36.1023715,-115.1745559,TRUE
STZ,"Victor, New York",42.9825633,-77.4088794,TRUE
COO,"Pleasanton, California",37.6624312,-121.8746789,TRUE
CPRT,"Dallas, Texas",32.7766642,-96.7969879,FALSE
GLW,"Corning, New York",42.1428521,-77.0546903,TRUE
COST,"Issaquah, Washington",47.5301011,-122.0326191,TRUE
COTY,"New York, New York",36.1023715,-115.1745559,TRUE
CCI,"Houston, Texas",29.7604267,-95.3698028,TRUE
CSX,"Jacksonville, Florida",30.3321838,-81.655651,TRUE
CMI,"Columbus, Indiana",39.2014404,-85.9213796,TRUE
CVS,"Woonsocket, Rhode Island",42.0028761,-71.5147839,TRUE
DHI,"Fort Worth, Texas",32.7554883,-97.3307658,TRUE
DHR,"Washington, D.C.",38.9071923,-77.0368707,TRUE
DRI,"Orlando, Florida",28.5383355,-81.3792365,TRUE
DVA,"Denver, Colorado",39.7392358,-104.990251,TRUE
DE,"Moline, Illinois",41.5067003,-90.5151342,TRUE
DAL,"Atlanta, Georgia",33.7489954,-84.3879824,TRUE
XRAY,"York, Pennsylvania",39.9625984,-76.727745,TRUE
DVN,"Oklahoma City, Oklahoma",35.4675602,-97.5164276,TRUE
FANG,"Midland, Texas",31.9973456,-102.0779146,FALSE
DLR,"San Francisco, California",37.7749295,-122.4194155,TRUE
DFS,"Riverwoods, Illinois",42.1675254,-87.897014,TRUE
DISCA,"Silver Spring, Maryland",38.9906657,-77.026088,TRUE
DISCK,"Silver Spring, Maryland",38.9906657,-77.026088,TRUE
DISH,"Meridian, Colorado",39.5516553,-104.8588666,TRUE
DG,"Goodlettsville, Tennessee",36.3231066,-86.7133302,TRUE
DLTR,"Chesapeake, Virginia",36.7682088,-76.2874927,TRUE
D,"Richmond, Virginia",37.5407246,-77.4360481,TRUE
DOV,"Downers Grove, Illinois",41.8089191,-88.0111746,TRUE
DOW,"Midland, Michigan",43.6155825,-84.2472116,FALSE
DWDP,"Midland, Michigan",43.6155825,-84.2472116,TRUE
DTE,"Detroit, Michigan",42.331427,-83.0457538,TRUE
DRE,"Indianapolis, Indiana",39.768403,-86.158068,TRUE
DUK,"Charlotte, North Carolina",35.2270869,-80.8431267,TRUE
DXC,"Tysons Corner, Virginia",38.9187222,-77.2310925,TRUE
ETFC,"New York, New York",36.1023715,-115.1745559,TRUE
EMN,"Kingsport, Tennessee",36.548434,-82.5618186,TRUE
ETN,"Dublin, Ireland",53.3498053,-6.2603097,TRUE
EBAY,"San Jose, California",37.3382082,-121.8863286,TRUE
ECL,"St. Paul, Minnesota",44.9537029,-93.0899578,TRUE
EIX,"Rosemead, California",34.0805651,-118.072846,TRUE
EW,"Irvine, California",33.6845673,-117.8265049,TRUE
EA,"Redwood City, California",37.4852152,-122.2363548,TRUE
EMR,"Ferguson, Missouri",38.7442175,-90.3053915,TRUE
ETR,"New Orleans, Louisiana",29.9510658,-90.0715323,TRUE
EOG,"Houston, Texas",29.7604267,-95.3698028,TRUE
EFX,"Atlanta, Georgia",33.7489954,-84.3879824,TRUE
EQIX,"Redwood City, California",37.4852152,-122.2363548,TRUE
EQR,"Chicago, Illinois",41.8781136,-87.6297982,TRUE
ESS,"Palo Alto, California",37.4418834,-122.1430195,TRUE
EL,"New York, New York",36.1023715,-115.1745559,TRUE
EVRG,"Kansas City, Missouri",39.0997265,-94.5785667,FALSE
ES,"Springfield, Massachusetts",42.1014831,-72.589811,TRUE
RE,"Hamilton, Bermuda",32.2945837,-64.7858887,TRUE
EXC,"Chicago, Illinois",41.8781136,-87.6297982,TRUE
EXPE,"Bellevue, Washington",47.6101497,-122.2015159,TRUE
EXPD,"Seattle, Washington",47.6062095,-122.3320708,TRUE
EXR,"Salt Lake City, Utah",40.7607793,-111.8910474,TRUE
XOM,"Irving, Texas",32.8140177,-96.9488945,TRUE
FFIV,"Seattle, Washington",47.6062095,-122.3320708,TRUE
FB,"Menlo Park, California",37.4529598,-122.1817252,TRUE
FAST,"Winona, Minnesota",44.0553908,-91.6663523,TRUE
FRT,"Rockville, Maryland",39.0839973,-77.1527578,TRUE
FDX,"Memphis, Tennessee",35.1495343,-90.0489801,TRUE
FIS,"Jacksonville, Florida",30.3321838,-81.655651,TRUE
FITB,"Cincinnati, Ohio",39.1031182,-84.5120196,TRUE
FE,"Akron, Ohio",41.0814447,-81.5190053,TRUE
FRC,"San Francisco, California",37.7749295,-122.4194155,FALSE
FISV,"Brookfield, Wisconsin",43.0605671,-88.1064787,TRUE
FLT,"Norcross, Georgia",33.9412127,-84.2135309,FALSE
FLIR,"Wilsonville, Oregon",45.3029903,-122.7726501,TRUE
FLS,"Irving, Texas",32.8140177,-96.9488945,TRUE
FLR,"Irving, Texas",32.8140177,-96.9488945,TRUE
FMC,"Philadelphia, Pennsylvania",39.9525839,-75.1652215,TRUE
FL,"New York, New York",36.1023715,-115.1745559,TRUE
F,"Dearborn, Michigan",42.3222599,-83.1763145,TRUE
FTNT,"Sunnyvale, California",37.36883,-122.0363496,FALSE
FTV,"Everett, Washington",47.9789848,-122.2020795,TRUE
FBHS,"Deerfield, Illinois",42.1711365,-87.8445119,TRUE
FOXA,"New York, New York",36.1023715,-115.1745559,TRUE
FOX,"New York, New York",36.1023715,-115.1745559,TRUE
BEN,"San Mateo, California",37.5629917,-122.3255254,TRUE
FCX,"Phoenix, Arizona",33.4483771,-112.0740373,TRUE
GPS,"San Francisco, California",37.7749295,-122.4194155,TRUE
GRMN,"Schaffhausen, Switzerland",47.6958897,8.6380489,TRUE
IT,"Stamford, Connecticut",41.0534302,-73.5387341,TRUE
GD,"Falls Church, Virginia",38.882334,-77.1710914,TRUE
GE,"Boston, Massachusetts",42.3600825,-71.0588801,TRUE
GIS,"Golden Valley, Minnesota",44.9917149,-93.3600034,TRUE
GM,"Detroit, Michigan",42.331427,-83.0457538,TRUE
GPC,"Atlanta, Georgia",33.7489954,-84.3879824,TRUE
GILD,"Foster City, California",37.5585465,-122.2710788,TRUE
GPN,"Atlanta, Georgia",33.7489954,-84.3879824,TRUE
GS,"New York, New York",36.1023715,-115.1745559,TRUE
GWW,"Lake Forest, Illinois",42.2586342,-87.840625,TRUE
HAL,"Houston, Texas",29.7604267,-95.3698028,TRUE
HBI,"Winston-Salem, North Carolina",36.0998596,-80.244216,TRUE
HOG,"Milwaukee, Wisconsin",43.0389025,-87.9064736,TRUE
HRS,"Melbourne, Florida",28.0836269,-80.6081089,TRUE
HIG,"Hartford, Connecticut",41.7658043,-72.6733723,TRUE
HAS,"Pawtucket, Rhode Island",41.878711,-71.3825558,TRUE
HCA,"Nashville, Tennessee",36.1626638,-86.7816016,TRUE
HCP,"Long Beach, California",33.7700504,-118.1937395,TRUE
HP,"Tulsa, Oklahoma[5]",36.1754461,-95.9971109,TRUE
HSIC,"Melville, New York",40.7934322,-73.4151214,TRUE
HSY,"Hershey, Pennsylvania",40.2859239,-76.6502468,TRUE
HES,"New York, New York",36.1023715,-115.1745559,TRUE
HPE,"Palo Alto, California",37.4418834,-122.1430195,TRUE
HLT,"Tysons Corner, Virginia",38.9187222,-77.2310925,TRUE
HFC,"Dallas, Texas",32.7766642,-96.7969879,FALSE
HOLX,"Marlborough, Massachusetts",42.3459271,-71.5522874,TRUE
HD,"Atlanta, Georgia",33.7489954,-84.3879824,TRUE
HON,"Morristown, New Jersey",40.7967667,-74.4815438,TRUE
HRL,"Austin, Minnesota",43.6666296,-92.9746367,TRUE
HST,"Bethesda, Maryland",38.984652,-77.0947092,TRUE
HPQ,"Palo Alto, California",37.4418834,-122.1430195,TRUE
HUM,"Louisville, Kentucky",38.2526647,-85.7584557,TRUE
HBAN,"Columbus, Ohio",39.9611755,-82.9987942,TRUE
HII,"Newport News, Virginia",37.0870821,-76.4730122,TRUE
IDXX,"Westbrook, Maine",43.6770252,-70.3711617,TRUE
INFO,"London, United Kingdom",51.5073509,-0.1277583,TRUE
ITW,"Glenview, Illinois",42.0778065,-87.8223368,TRUE
ILMN,"San Diego, California",32.715738,-117.1610838,TRUE
IR,"Dublin, Ireland",53.3498053,-6.2603097,TRUE
INTC,"Santa Clara, California",37.3541079,-121.9552356,TRUE
ICE,"Atlanta, Georgia",33.7489954,-84.3879824,TRUE
IBM,"Armonk, New York",41.1264849,-73.7140195,TRUE
INCY,"Wilmington, Delaware",39.744655,-75.5483909,TRUE
IP,"Memphis, Tennessee",35.1495343,-90.0489801,TRUE
IPG,"New York, New York",36.1023715,-115.1745559,TRUE
IFF,"New York, New York",36.1023715,-115.1745559,TRUE
INTU,"Mountain View, California",37.3860517,-122.0838511,TRUE
ISRG,"Sunnyvale, California",37.36883,-122.0363496,TRUE
IVZ,"Atlanta, Georgia",33.7489954,-84.3879824,TRUE
IPGP,"Oxford, Massachusetts",42.1167606,-71.8647577,TRUE
IQV,"Durham, North Carolina",35.9940329,-78.898619,TRUE
IRM,"Boston, Massachusetts",42.3600825,-71.0588801,TRUE
JKHY,"Monett, Missouri",36.9289502,-93.9277071,FALSE
JEC,"Pasadena, California",34.1477849,-118.1445155,TRUE
JBHT,"Lowell, Arkansas",36.2553543,-94.1307587,TRUE
JEF,"New York, New York",36.1023715,-115.1745559,FALSE
SJM,"Orrville, Ohio",40.8436663,-81.7640212,TRUE
JNJ,"New Brunswick, New Jersey",40.4862157,-74.4518188,TRUE
JCI,"Cork, Ireland",51.8985143,-8.4756035,TRUE
JPM,"New York, New York",36.1023715,-115.1745559,TRUE
JNPR,"Sunnyvale, California",37.36883,-122.0363496,TRUE
KSU,"Kansas City, Missouri",39.0997265,-94.5785667,TRUE
K,"Battle Creek, Michigan",42.3211522,-85.1797142,TRUE
KEY,"Cleveland, Ohio",41.49932,-81.6943605,TRUE
KEYS,"Santa Rosa, California",38.440429,-122.7140548,FALSE
KMB,"Irving, Texas",32.8140177,-96.9488945,TRUE
KIM,"New Hyde Park, New York",40.7351018,-73.6879082,TRUE
KMI,"Houston, Texas",29.7604267,-95.3698028,TRUE
KLAC,"Milpitas, California",37.4323341,-121.8995741,TRUE
KSS,"Menomonee Falls, Wisconsin",43.1788967,-88.1173132,TRUE
KHC,"Chicago, Illinois; Pittsburgh, Pennsylvania",41.8781136,-87.6297982,TRUE
KR,"Cincinnati, Ohio",39.1031182,-84.5120196,TRUE
LB,"Columbus, Ohio",39.9611755,-82.9987942,TRUE
LLL,"New York, New York",36.1023715,-115.1745559,TRUE
LH,"Burlington, North Carolina",36.0956918,-79.4377991,TRUE
LRCX,"Fremont, California",37.5482697,-121.9885719,TRUE
LW,"Eagle, Idaho",43.6954424,-116.3540138,FALSE
LEG,"Carthage, Missouri",37.176447,-94.3102228,TRUE
LEN,"Miami, Florida",25.7616798,-80.1917902,TRUE
LLY,"Indianapolis, Indiana",39.768403,-86.158068,TRUE
LNC,"Radnor, Pennsylvania",40.043912,-75.3754599,TRUE
LIN,"Guildford, Surrey, United Kingdom",51.23622,-0.570409,FALSE
LKQ,"Chicago, Illinois",41.8781136,-87.6297982,TRUE
LMT,"Bethesda, Maryland",38.984652,-77.0947092,TRUE
L,"New York, New York",36.1023715,-115.1745559,TRUE
LOW,"Mooresville, North Carolina",35.5859146,-80.8081413,TRUE
LYB,"Rotterdam, Netherlands",51.9244201,4.4777326,TRUE
MTB,"Buffalo, New York",42.8864468,-78.8783689,TRUE
MAC,"Santa Monica, California",34.0194543,-118.4911912,TRUE
M,"Cincinnati, Ohio",39.1031182,-84.5120196,TRUE
MRO,"Houston, Texas",29.7604267,-95.3698028,TRUE
MPC,"Findlay, Ohio",41.04422,-83.6499321,TRUE
MAR,"Bethesda, Maryland",38.984652,-77.0947092,TRUE
MMC,"New York, New York",36.1023715,-115.1745559,TRUE
MLM,"Raleigh, North Carolina",35.7795897,-78.6381787,TRUE
MAS,"Taylor, Michigan",42.240872,-83.2696509,TRUE
MA,"Harrison, New York",40.9700171,-73.7176337,TRUE
MAT,"El Segundo, California",33.9191799,-118.4164652,TRUE
MKC,"Sparks, Maryland",39.5309389,-76.6458043,TRUE
MXIM,"San Jose, California",37.3382082,-121.8863286,FALSE
MCD,"Chicago, Illinois",41.8781136,-87.6297982,TRUE
MCK,"San Francisco, California",37.7749295,-122.4194155,TRUE
MDT,"Dublin, Ireland",53.3498053,-6.2603097,TRUE
MRK,"Whitehouse Station, New Jersey",40.6155663,-74.7702576,TRUE
MET,"New York, New York",36.1023715,-115.1745559,TRUE
MTD,"Columbus, Ohio",39.9611755,-82.9987942,TRUE
MGM,"Paradise, Nevada",36.0971945,-115.1466648,TRUE
MCHP,"Chandler, Arizona",33.3061605,-111.8412502,TRUE
MU,"Boise, Idaho",43.6150186,-116.2023137,TRUE
MSFT,"Redmond, Washington",47.6739881,-122.121512,TRUE
MAA,"Memphis, Tennessee",35.1495343,-90.0489801,TRUE
MHK,"Amsterdam, New York",42.9377453,-74.190356,TRUE
TAP,"Denver, Colorado",39.7392358,-104.990251,TRUE
MDLZ,"Deerfield, Illinois",42.1711365,-87.8445119,TRUE
MNST,"Corona, California",33.8752935,-117.5664384,TRUE
MCO,"New York, New York",36.1023715,-115.1745559,TRUE
MS,"New York, New York",36.1023715,-115.1745559,TRUE
MOS,"Plymouth, Minnesota",45.0105194,-93.4555093,TRUE
MSI,"Schaumburg, Illinois",42.0333607,-88.0834059,TRUE
MSCI,"New York, New York",36.1023715,-115.1745559,FALSE
MYL,"Amsterdam, Netherlands",52.3679843,4.9035614,TRUE
NDAQ,"New York, New York",36.1023715,-115.1745559,TRUE
NOV,"Houston, Texas",29.7604267,-95.3698028,TRUE
NKTR,"San Francisco, California",37.7749295,-122.4194155,TRUE
NTAP,"Sunnyvale, California",37.36883,-122.0363496,TRUE
NFLX,"Los Gatos, California",37.2358078,-121.9623751,TRUE
NWL,"Hoboken, New Jersey",40.7439905,-74.0323626,TRUE
NEM,"Denver, Colorado",39.7392358,-104.990251,TRUE
NWSA,"New York, New York",36.1023715,-115.1745559,TRUE
NWS,"New York, New York",36.1023715,-115.1745559,TRUE
NEE,"Juno Beach, Florida",26.8797819,-80.0533743,TRUE
NLSN,"New York, New York",36.1023715,-115.1745559,TRUE
NKE,"Washington County, Oregon",45.5469616,-123.1386021,TRUE
NI,"Merrillville, Indiana",41.4828144,-87.3328139,TRUE
NBL,"Houston, Texas",29.7604267,-95.3698028,TRUE
JWN,"Seattle, Washington",47.6062095,-122.3320708,TRUE
NSC,"Norfolk, Virginia",36.8507689,-76.2858726,TRUE
NTRS,"Chicago, Illinois",41.8781136,-87.6297982,TRUE
NOC,"West Falls Church, Virginia",38.8645565,-77.1877587,TRUE
NCLH,"Miami, Florida",25.7616798,-80.1917902,TRUE
NRG,"Princeton, New Jersey",40.3572976,-74.6672226,TRUE
NUE,"Charlotte, North Carolina",35.2270869,-80.8431267,TRUE
NVDA,"Santa Clara, California",37.3541079,-121.9552356,TRUE
ORLY,"Springfield, Missouri",37.2089572,-93.2922989,TRUE
OXY,"Los Angeles, California",34.0522342,-118.2436849,TRUE
OMC,"New York, New York",36.1023715,-115.1745559,TRUE
OKE,"Tulsa, Oklahoma",36.1539816,-95.992775,TRUE
ORCL,"Redwood Shores, California",37.5364134,-122.2455364,TRUE
PCAR,"Bellevue, Washington",47.6101497,-122.2015159,TRUE
PKG,"Lake Forest, Illinois",42.2586342,-87.840625,TRUE
PH,"Cleveland, Ohio",41.49932,-81.6943605,TRUE
PAYX,"Penfield, New York",43.1303407,-77.475551,TRUE
PYPL,"San Jose, California",37.3382082,-121.8863286,TRUE
PNR,"Worsley, UK",53.50754,-2.391199,TRUE
PBCT,"Bridgeport, Connecticut",41.1792258,-73.1894384,TRUE
PEP,"Purchase, New York",41.0400135,-73.7144477,TRUE
PKI,"Waltham, Massachusetts",42.3764852,-71.2356113,TRUE
PRGO,"Dublin, Ireland",53.3498053,-6.2603097,TRUE
PFE,"New York, New York",36.1023715,-115.1745559,TRUE
PM,"New York, New York",36.1023715,-115.1745559,TRUE
PSX,"Houston, Texas",29.7604267,-95.3698028,TRUE
PNW,"Phoenix, Arizona",33.4483771,-112.0740373,TRUE
PXD,"Irving, Texas",32.8140177,-96.9488945,TRUE
PNC,"Pittsburgh, Pennsylvania",40.4406248,-79.9958864,TRUE
PPG,"Pittsburgh, Pennsylvania",40.4406248,-79.9958864,TRUE
PPL,"Allentown, Pennsylvania",40.6022939,-75.4714098,TRUE
PFG,"Des Moines, Iowa",41.5868353,-93.6249593,TRUE
PG,"Cincinnati, Ohio",39.1031182,-84.5120196,TRUE
PGR,"Mayfield Village, Ohio",41.5519952,-81.4392828,TRUE
PLD,"San Francisco, California",37.7749295,-122.4194155,TRUE
PRU,"Newark, New Jersey",40.735657,-74.1723667,TRUE
PEG,"Newark, New Jersey",40.735657,-74.1723667,TRUE
PSA,"Glendale, California",34.1425078,-118.255075,TRUE
PHM,"Atlanta, Georgia",33.7489954,-84.3879824,TRUE
PVH,"New York, New York",36.1023715,-115.1745559,TRUE
QRVO,"Greensboro, North Carolina",36.0726354,-79.7919754,TRUE
PWR,"Houston, Texas",29.7604267,-95.3698028,TRUE
QCOM,"San Diego, California",32.715738,-117.1610838,TRUE
DGX,"Madison, New Jersey",40.7598227,-74.417097,TRUE
RL,"New York, New York",36.1023715,-115.1745559,TRUE
RJF,"St. Petersburg, Florida",27.7676008,-82.6402915,TRUE
RTN,"Waltham, Massachusetts",42.3764852,-71.2356113,TRUE
O,"San Diego, California",32.715738,-117.1610838,TRUE
RHT,"Raleigh, North Carolina",35.7795897,-78.6381787,TRUE
REG,"Jacksonville, Florida",30.3321838,-81.655651,TRUE
REGN,"Tarrytown, New York",41.0762077,-73.8587461,TRUE
RF,"Birmingham, Alabama",33.5185892,-86.8103567,TRUE
RSG,"Phoenix, Arizona",33.4483771,-112.0740373,TRUE
RMD,"San Diego, California",32.715738,-117.1610838,TRUE
RHI,"Menlo Park, California",37.4529598,-122.1817252,TRUE
ROK,"Milwaukee, Wisconsin",43.0389025,-87.9064736,TRUE
ROL,"Atlanta, Georgia",33.7489954,-84.3879824,FALSE
ROP,"Sarasota, Florida",27.3364347,-82.5306527,TRUE
ROST,"Pleasanton, California",37.6624312,-121.8746789,TRUE
RCL,"Miami, Florida",25.7616798,-80.1917902,TRUE
CRM,"San Francisco, California",37.7749295,-122.4194155,TRUE
SBAC,"Boca Raton, Florida",26.3683064,-80.1289321,TRUE
SLB,"Curacao, Kingdom of the Netherlands",12.16957,-68.99002,TRUE
STX,"Dublin, Ireland",53.3498053,-6.2603097,TRUE
SEE,"Elmwood Park, New Jersey",40.9039878,-74.118476,TRUE
SRE,"San Diego, California",32.715738,-117.1610838,TRUE
SHW,"Cleveland, Ohio",41.49932,-81.6943605,TRUE
SPG,"Indianapolis, Indiana",39.768403,-86.158068,TRUE
SWKS,"Woburn, Massachusetts",42.4792618,-71.1522765,TRUE
SLG,"New York, New York",36.1023715,-115.1745559,TRUE
SNA,"Kenosha, Wisconsin",42.5847425,-87.8211854,TRUE
SO,"Atlanta, Georgia",33.7489954,-84.3879824,TRUE
LUV,"Dallas, Texas",32.7766642,-96.7969879,TRUE
SPGI,"New York, New York",36.1023715,-115.1745559,TRUE
SWK,"New Britain, Connecticut",41.6612104,-72.7795419,TRUE
SBUX,"Seattle, Washington",47.6062095,-122.3320708,TRUE
STT,"Boston, Massachusetts",42.3600825,-71.0588801,TRUE
SYK,"Kalamazoo, Michigan",42.2917069,-85.5872286,TRUE
STI,"Atlanta, Georgia",33.7489954,-84.3879824,TRUE
SIVB,"Santa Clara, California",37.3541079,-121.9552356,TRUE
SYMC,"Mountain View, California",37.3860517,-122.0838511,TRUE
SYF,"Stamford, Connecticut",41.0534302,-73.5387341,TRUE
SNPS,"Mountain View, California",37.3860517,-122.0838511,TRUE
SYY,"Houston, Texas",29.7604267,-95.3698028,TRUE
TROW,"Baltimore, Maryland",39.2903848,-76.6121893,TRUE
TTWO,"New York, New York",36.1023715,-115.1745559,TRUE
TPR,"New York, New York",36.1023715,-115.1745559,TRUE
TGT,"Minneapolis, Minnesota",44.977753,-93.2650108,TRUE
TEL,"Schaffhausen, Switzerland",47.6958897,8.6380489,TRUE
FTI,"London, United Kingdom",51.5073509,-0.1277583,TRUE
TFX,"Wayne, Pennsylvania",40.0415996,-75.3698895,FALSE
TXN,"Dallas, Texas",32.7766642,-96.7969879,TRUE
TXT,"Providence, Rhode Island",41.8239891,-71.4128343,TRUE
TMO,"Waltham, Massachusetts",42.3764852,-71.2356113,TRUE
TIF,"New York, New York",36.1023715,-115.1745559,TRUE
TWTR,"San Francisco, California",37.7749295,-122.4194155,FALSE
TJX,"Framingham, Massachusetts",42.279286,-71.4161565,TRUE
TMK,"McKinney, Texas",33.1972465,-96.6397822,TRUE
TSS,"Columbus, Georgia",32.4609764,-84.9877094,TRUE
TSCO,"Brentwood, Tennessee",36.0331164,-86.7827772,TRUE
TDG,"Cleveland, Ohio",41.49932,-81.6943605,TRUE
TRV,"New York, New York",36.1023715,-115.1745559,TRUE
TRIP,"Newton, Massachusetts",42.3370413,-71.2092214,TRUE
TSN,"Springdale, Arkansas",36.1867442,-94.1288141,TRUE
UDR,"Highlands Ranch, Colorado",39.5480789,-104.9739333,TRUE
ULTA,"Bolingbrook, Illinois",41.6986416,-88.0683955,TRUE
USB,"Minneapolis, Minnesota",44.977753,-93.2650108,TRUE
UAA,"Baltimore, Maryland",39.2903848,-76.6121893,TRUE
UA,"Baltimore, Maryland",39.2903848,-76.6121893,TRUE
UNP,"Omaha, Nebraska",41.2565369,-95.9345034,TRUE
UAL,"Chicago, Illinois",41.8781136,-87.6297982,TRUE
UNH,"Minnetonka, Minnesota",44.9211836,-93.4687489,TRUE
UPS,"Atlanta, Georgia",33.7489954,-84.3879824,TRUE
URI,"Stamford, Connecticut",41.0534302,-73.5387341,TRUE
UTX,"Hartford, Connecticut",41.7658043,-72.6733723,TRUE
UHS,"King of Prussia, Pennsylvania",40.1012856,-75.3835525,TRUE
UNM,"Chattanooga, Tennessee",35.0456297,-85.3096801,TRUE
VFC,"Greensboro, North Carolina",36.0726354,-79.7919754,TRUE
VLO,"San Antonio, Texas",29.4241219,-98.4936282,TRUE
VAR,"Palo Alto, California",37.4418834,-122.1430195,TRUE
VTR,"Chicago, Illinois",41.8781136,-87.6297982,TRUE
VRSN,"Dulles, Virginia",38.9624899,-77.4380485,TRUE
VRSK,"Jersey City, New Jersey",40.7177545,-74.0431435,TRUE
VZ,"New York, New York",36.1023715,-115.1745559,TRUE
VRTX,"Cambridge, Massachusetts",42.3736158,-71.1097335,TRUE
VIAB,"New York, New York",36.1023715,-115.1745559,TRUE
V,"San Francisco, California",37.7749295,-122.4194155,TRUE
VNO,"New York, New York",36.1023715,-115.1745559,TRUE
VMC,"Birmingham, Alabama",33.5185892,-86.8103567,TRUE
WAB,"Wilmerding, Pennsylvania",40.3909023,-79.8100472,FALSE
WMT,"Bentonville, Arkansas",36.3728538,-94.2088172,TRUE
WBA,"Deerfield, Illinois",42.1711365,-87.8445119,TRUE
DIS,"Burbank, California",34.1808392,-118.3089661,TRUE
WM,"Houston, Texas",29.7604267,-95.3698028,TRUE
WAT,"Milford, Massachusetts",42.1398577,-71.5163049,TRUE
WEC,"Milwaukee, Wisconsin",43.0389025,-87.9064736,TRUE
WCG,"Tampa, Florida",27.950575,-82.4571776,FALSE
WFC,"San Francisco, California",37.7749295,-122.4194155,TRUE
WELL,"Toledo, Ohio",41.6528052,-83.5378674,TRUE
WDC,"Irvine, California",33.6845673,-117.8265049,TRUE
WU,"Englewood, Colorado",39.6477653,-104.9877597,TRUE
WRK,"Richmond, Virginia",37.5407246,-77.4360481,TRUE
WY,"Federal Way, Washington",47.3223221,-122.3126222,TRUE
WHR,"Benton Harbor, Michigan",42.1167065,-86.4541894,TRUE
WMB,"Tulsa, Oklahoma",36.1539816,-95.992775,TRUE
WLTW,"London, United Kingdom",51.5073509,-0.1277583,TRUE
WYNN,"Paradise, Nevada",36.0971945,-115.1466648,TRUE
XEL,"Minneapolis, Minnesota",44.977753,-93.2650108,TRUE
XRX,"Norwalk, Connecticut",41.117744,-73.4081575,TRUE
XLNX,"San Jose, California",37.3382082,-121.8863286,TRUE
XYL,"White Plains, New York",41.0339862,-73.7629097,TRUE
YUM,"Louisville, Kentucky",38.2526647,-85.7584557,TRUE
ZBH,"Warsaw, Indiana",41.2381,-85.8530469,TRUE
ZION,"Salt Lake City, Utah",40.7607793,-111.8910474,TRUE
ZTS,"Florham Park, New Jersey",40.787878,-74.3882072,TRUE
